"sender","receiver","prob_HFpEF","prob_control","delta","share_HFpEF","pathway"
"Fibroblast","Fibroblast",0.00342773157572495,0.00085283002175427,0.00257490155397068,0.299737077299511,"UNC5"
"Cardiomyocyte","Fibroblast",0.00136008875834459,0.0011754354752241,0.000184653283120486,0.118932600259957,"UNC5"
"Fibroblast","Pericyte",0.00128435454144771,0.000323855562512649,0.000960498978935058,0.112310041776964,"UNC5"
"Endocardial","Fibroblast",0.00125559626675567,0.000161953885745656,0.00109364238101002,0.109795282084166,"UNC5"
"Fibroblast","Endothelial1",0.000785764338482997,0.000147477021955024,0.000638287316527973,0.0687109538947095,"UNC5"
"Cardiomyocyte","Pericyte",0.000507756147588721,0.000446342503939294,6.14136436494271e-05,0.0444006014756025,"UNC5"
"Endocardial","Pericyte",0.000472200954882929,6.14735605453297e-05,0.000410727394337599,0.0412914870922217,"UNC5"
"Endothelial1","Fibroblast",0.000367317125170902,0.000107256886016192,0.00026006023915471,0.0321199484581868,"UNC5"
"Cardiomyocyte","Endothelial1",0.000302139568287511,0.000203549156440721,9.85904118467905e-05,0.0264205143064276,"UNC5"
"Endocardial","Endothelial1",0.0002974577038095,2.83934531224818e-05,0.000269064250687018,0.0260111099105613,"UNC5"
"Fibroblast","Cardiomyocyte",0.00023363555012752,3.66228069550679e-05,0.000197012743172452,0.0204301986317804,"UNC5"
"Fibroblast","VSMC",0.00020830796679102,2.87406310849818e-05,0.000179567335706039,0.0182154348334405,"UNC5"
"Cardiomyocyte","Cardiomyocyte",0.000167363887053949,0.000142724026605404,2.46398604485446e-05,0.0146350906547945,"UNC5"
"Endothelial1","Pericyte",0.000139445837647439,4.18442738087175e-05,9.7601563838722e-05,0.0121938042389406,"UNC5"
"Endocardial","Cardiomyocyte",8.8724650244827e-05,7.0637673350331e-06,8.16608829097939e-05,0.00775850347709367,"UNC5"
"Fibroblast","Macrophage",8.57424561328751e-05,2.61310511208294e-05,5.96114050120457e-05,0.00749772630498759,"UNC5"
"Cardiomyocyte","VSMC",8.2499177247991e-05,3.96020469403482e-05,4.28971303076428e-05,0.00721411864425156,"UNC5"
"Endocardial","VSMC",7.6446539392985e-05,5.44381633399663e-06,7.10027230589884e-05,0.00668484733448507,"UNC5"
"Fibroblast","Lymphocyte",4.31629876086952e-05,8.13649199770619e-06,3.5026495610989e-05,0.00377437598818078,"UNC5"
"Endothelial1","Endothelial1",4.3031665946097e-05,9.92670113501626e-06,3.31049648110807e-05,0.00376289260027139,"UNC5"
"Cardiomyocyte","Macrophage",3.29490445824798e-05,3.60664921475675e-05,-3.11744756508773e-06,0.00288122045288071,"UNC5"
"Endocardial","Macrophage",3.24802730331673e-05,5.03119584396185e-06,2.74490771892055e-05,0.00284022884924782,"UNC5"
"Cardiomyocyte","Endocardial",3.17271176247456e-05,1.74961369404997e-05,1.42309806842459e-05,0.00277436937458201,"UNC5"
"Endocardial","Endocardial",3.13578316667981e-05,2.43839837319389e-06,2.89194332936042e-05,0.00274207726206456,"UNC5"
"Endothelial1","VSMC",2.26713552090678e-05,3.71780749701381e-06,1.8953547712054e-05,0.00198249063517986,"UNC5"
"Cardiomyocyte","Lymphocyte",1.65862024759226e-05,1.12287956574269e-05,5.35740681849566e-06,0.00145037607052982,"UNC5"
"Endocardial","Lymphocyte",1.63511257234401e-05,1.56476155342973e-06,1.47863641700104e-05,0.00142981984634087,"UNC5"
"Fibroblast","Endocardial",1.30313022417703e-05,1.26777104503982e-05,3.53591791372093e-07,0.00113951876366769,"UNC5"
"Endothelial2","Fibroblast",3.62422219070826e-06,0,3.62422219070826e-06,0.000316919146942588,"UNC5"
"Endothelial1","Cardiomyocyte",1.9977951243944e-06,5.59974231167133e-07,1.43782089322726e-06,0.000174696664076604,"UNC5"
"Fibroblast","Endothelial2",1.95613654758229e-06,5.11056819333312e-07,1.44507972824898e-06,0.000171053840890988,"UNC5"
"Cardiomyocyte","Endothelial2",7.53677796140545e-07,3.64667401559656e-06,-2.89299621945602e-06,6.5905154721144e-05,"UNC5"
"Endocardial","Endothelial2",7.38907805231331e-07,5.09038541156748e-07,2.29869264074583e-07,6.46135967887141e-05,"UNC5"
"Endothelial2","Endothelial1",4.29217277297123e-07,0,4.29217277297123e-07,3.75327908213711e-05,"UNC5"
"Endothelial2","VSMC",2.23890637445174e-07,0,2.23890637445174e-07,1.95780573303345e-05,"UNC5"
"Endothelial1","Endocardial",8.45081861836391e-08,0,8.45081861836391e-08,7.38979589707507e-06,"UNC5"
"Macrophage","Cardiomyocyte",4.14870698838886e-08,0,4.14870698838886e-08,3.62782580782666e-06,"UNC5"
"Endothelial2","Cardiomyocyte",1.99590969285588e-08,2.07918738154913e-09,1.78799095470097e-08,1.74531793016453e-06,"UNC5"
"Macrophage","Endocardial",1.75489098398037e-09,0,1.75489098398037e-09,1.53455976028779e-07,"UNC5"
"Endothelial2","Endocardial",8.44325179429826e-10,0,8.44325179429826e-10,7.38317910786689e-08,"UNC5"
"Pericyte","Cardiomyocyte",0,0,0,0,"UNC5"
"VSMC","Cardiomyocyte",0,2.5907754491123e-09,-2.5907754491123e-09,0,"UNC5"
"Lymphocyte","Cardiomyocyte",0,0,0,0,"UNC5"
"Pericyte","Fibroblast",0,0,0,0,"UNC5"
"VSMC","Fibroblast",0,0,0,0,"UNC5"
"Macrophage","Fibroblast",0,0,0,0,"UNC5"
"Lymphocyte","Fibroblast",0,0,0,0,"UNC5"
"Pericyte","Endothelial1",0,0,0,0,"UNC5"
"VSMC","Endothelial1",0,0,0,0,"UNC5"
"Macrophage","Endothelial1",0,0,0,0,"UNC5"
"Lymphocyte","Endothelial1",0,0,0,0,"UNC5"
"Endothelial1","Endothelial2",0,0,0,0,"UNC5"
"Endothelial2","Endothelial2",0,0,0,0,"UNC5"
"Pericyte","Endothelial2",0,0,0,0,"UNC5"
"VSMC","Endothelial2",0,0,0,0,"UNC5"
"Macrophage","Endothelial2",0,0,0,0,"UNC5"
"Lymphocyte","Endothelial2",0,0,0,0,"UNC5"
"Endothelial2","Pericyte",0,0,0,0,"UNC5"
"Pericyte","Pericyte",0,0,0,0,"UNC5"
"VSMC","Pericyte",0,0,0,0,"UNC5"
"Macrophage","Pericyte",0,0,0,0,"UNC5"
"Lymphocyte","Pericyte",0,0,0,0,"UNC5"
"Pericyte","VSMC",0,0,0,0,"UNC5"
"VSMC","VSMC",0,0,0,0,"UNC5"
"Macrophage","VSMC",0,0,0,0,"UNC5"
"Lymphocyte","VSMC",0,0,0,0,"UNC5"
"Endothelial1","Macrophage",0,0,0,0,"UNC5"
"Endothelial2","Macrophage",0,0,0,0,"UNC5"
"Pericyte","Macrophage",0,0,0,0,"UNC5"
"VSMC","Macrophage",0,0,0,0,"UNC5"
"Macrophage","Macrophage",0,0,0,0,"UNC5"
"Lymphocyte","Macrophage",0,0,0,0,"UNC5"
"Endothelial1","Lymphocyte",0,0,0,0,"UNC5"
"Endothelial2","Lymphocyte",0,0,0,0,"UNC5"
"Pericyte","Lymphocyte",0,0,0,0,"UNC5"
"VSMC","Lymphocyte",0,0,0,0,"UNC5"
"Macrophage","Lymphocyte",0,0,0,0,"UNC5"
"Lymphocyte","Lymphocyte",0,0,0,0,"UNC5"
"Pericyte","Endocardial",0,0,0,0,"UNC5"
"VSMC","Endocardial",0,0,0,0,"UNC5"
"Lymphocyte","Endocardial",0,0,0,0,"UNC5"
"Fibroblast","Fibroblast",0.000931351158427749,8.72339500744409e-05,0.000844117208353308,0.428178271760938,"FLRT"
"Endocardial","Fibroblast",0.000350578693510512,1.68043953809586e-05,0.000333774298129553,0.161174630798705,"FLRT"
"Fibroblast","Endocardial",0.000350578693510512,1.68043953809586e-05,0.000333774298129553,0.161174630798705,"FLRT"
"Cardiomyocyte","Cardiomyocyte",0.000138243720085579,0.000166193137955571,-2.79494178699927e-05,0.0635560031384638,"FLRT"
"Endocardial","Endocardial",0.000130968815684143,3.2286579775582e-06,0.000127740157706585,0.0602114472578537,"FLRT"
"Endothelial1","Fibroblast",9.8087802111808e-05,1.11823399921645e-05,8.69054621196436e-05,0.0450947692597099,"FLRT"
"Fibroblast","Endothelial1",9.8087802111808e-05,1.11823399921645e-05,8.69054621196436e-05,0.0450947692597099,"FLRT"
"Endocardial","Endothelial1",3.72786718844343e-05,2.15712683539877e-06,3.51215450490356e-05,0.0171384521902202,"FLRT"
"Endothelial1","Endocardial",3.72786718844343e-05,2.15712683539877e-06,3.51215450490356e-05,0.0171384521902202,"FLRT"
"Endothelial2","Fibroblast",9.76723129033968e-07,0,9.76723129033968e-07,0.000449037527461393,"FLRT"
"Fibroblast","Endothelial2",9.76723129033968e-07,0,9.76723129033968e-07,0.000449037527461393,"FLRT"
"Endocardial","Endothelial2",3.70317106521366e-07,0,3.70317106521366e-07,0.000170249145275671,"FLRT"
"Endothelial2","Endocardial",3.70317106521366e-07,0,3.70317106521366e-07,0.000170249145275671,"FLRT"
"Fibroblast","Cardiomyocyte",0,0,0,0,"FLRT"
"Endothelial1","Cardiomyocyte",0,0,0,0,"FLRT"
"Endothelial2","Cardiomyocyte",0,0,0,0,"FLRT"
"Pericyte","Cardiomyocyte",0,0,0,0,"FLRT"
"VSMC","Cardiomyocyte",0,0,0,0,"FLRT"
"Macrophage","Cardiomyocyte",0,0,0,0,"FLRT"
"Lymphocyte","Cardiomyocyte",0,0,0,0,"FLRT"
"Endocardial","Cardiomyocyte",0,0,0,0,"FLRT"
"Cardiomyocyte","Fibroblast",0,0,0,0,"FLRT"
"Pericyte","Fibroblast",0,0,0,0,"FLRT"
"VSMC","Fibroblast",0,0,0,0,"FLRT"
"Macrophage","Fibroblast",0,0,0,0,"FLRT"
"Lymphocyte","Fibroblast",0,0,0,0,"FLRT"
"Cardiomyocyte","Endothelial1",0,0,0,0,"FLRT"
"Endothelial1","Endothelial1",0,0,0,0,"FLRT"
"Endothelial2","Endothelial1",0,0,0,0,"FLRT"
"Pericyte","Endothelial1",0,0,0,0,"FLRT"
"VSMC","Endothelial1",0,0,0,0,"FLRT"
"Macrophage","Endothelial1",0,0,0,0,"FLRT"
"Lymphocyte","Endothelial1",0,0,0,0,"FLRT"
"Cardiomyocyte","Endothelial2",0,0,0,0,"FLRT"
"Endothelial1","Endothelial2",0,0,0,0,"FLRT"
"Endothelial2","Endothelial2",0,0,0,0,"FLRT"
"Pericyte","Endothelial2",0,0,0,0,"FLRT"
"VSMC","Endothelial2",0,0,0,0,"FLRT"
"Macrophage","Endothelial2",0,0,0,0,"FLRT"
"Lymphocyte","Endothelial2",0,0,0,0,"FLRT"
"Cardiomyocyte","Pericyte",0,0,0,0,"FLRT"
"Fibroblast","Pericyte",0,0,0,0,"FLRT"
"Endothelial1","Pericyte",0,0,0,0,"FLRT"
"Endothelial2","Pericyte",0,0,0,0,"FLRT"
"Pericyte","Pericyte",0,0,0,0,"FLRT"
"VSMC","Pericyte",0,0,0,0,"FLRT"
"Macrophage","Pericyte",0,0,0,0,"FLRT"
"Lymphocyte","Pericyte",0,0,0,0,"FLRT"
"Endocardial","Pericyte",0,0,0,0,"FLRT"
"Cardiomyocyte","VSMC",0,0,0,0,"FLRT"
"Fibroblast","VSMC",0,0,0,0,"FLRT"
"Endothelial1","VSMC",0,0,0,0,"FLRT"
"Endothelial2","VSMC",0,0,0,0,"FLRT"
"Pericyte","VSMC",0,0,0,0,"FLRT"
"VSMC","VSMC",0,0,0,0,"FLRT"
"Macrophage","VSMC",0,0,0,0,"FLRT"
"Lymphocyte","VSMC",0,0,0,0,"FLRT"
"Endocardial","VSMC",0,0,0,0,"FLRT"
"Cardiomyocyte","Macrophage",0,0,0,0,"FLRT"
"Fibroblast","Macrophage",0,0,0,0,"FLRT"
"Endothelial1","Macrophage",0,0,0,0,"FLRT"
"Endothelial2","Macrophage",0,0,0,0,"FLRT"
"Pericyte","Macrophage",0,0,0,0,"FLRT"
"VSMC","Macrophage",0,0,0,0,"FLRT"
"Macrophage","Macrophage",0,0,0,0,"FLRT"
"Lymphocyte","Macrophage",0,0,0,0,"FLRT"
"Endocardial","Macrophage",0,0,0,0,"FLRT"
"Cardiomyocyte","Lymphocyte",0,0,0,0,"FLRT"
"Fibroblast","Lymphocyte",0,0,0,0,"FLRT"
"Endothelial1","Lymphocyte",0,0,0,0,"FLRT"
"Endothelial2","Lymphocyte",0,0,0,0,"FLRT"
"Pericyte","Lymphocyte",0,0,0,0,"FLRT"
"VSMC","Lymphocyte",0,0,0,0,"FLRT"
"Macrophage","Lymphocyte",0,0,0,0,"FLRT"
"Lymphocyte","Lymphocyte",0,0,0,0,"FLRT"
"Endocardial","Lymphocyte",0,0,0,0,"FLRT"
"Cardiomyocyte","Endocardial",0,0,0,0,"FLRT"
"Pericyte","Endocardial",0,0,0,0,"FLRT"
"VSMC","Endocardial",0,0,0,0,"FLRT"
"Macrophage","Endocardial",0,0,0,0,"FLRT"
"Lymphocyte","Endocardial",0,0,0,0,"FLRT"
"Cardiomyocyte","Fibroblast",0.0281521657802443,0.0183452354681446,0.00980693031209972,0.203640717186841,"ADGRL"
"Cardiomyocyte","Cardiomyocyte",0.0217313662431751,0.0198936857346225,0.00183768050855266,0.157195401652387,"ADGRL"
"Fibroblast","Fibroblast",0.0152669115463789,0.00262758455164339,0.0126393269947356,0.110434303378335,"ADGRL"
"Fibroblast","Cardiomyocyte",0.0123786171035279,0.00340706816671152,0.00897154893681642,0.0895416176652626,"ADGRL"
"Cardiomyocyte","Endothelial1",0.0121673757429838,0.00796245179454727,0.00420492394843655,0.0880135880814458,"ADGRL"
"Cardiomyocyte","Pericyte",0.0120762203312377,0.00872670875334635,0.00334951157789139,0.0873542088504362,"ADGRL"
"Fibroblast","Pericyte",0.00636224296169771,0.00150084192497625,0.00486140103672146,0.0460217423323873,"ADGRL"
"Fibroblast","Endothelial1",0.00587803451836797,0.00152817147479489,0.00434986304357308,0.0425191857107298,"ADGRL"
"Cardiomyocyte","Endocardial",0.00302129354876917,0.000998950302010497,0.00202234324675867,0.0218547443172235,"ADGRL"
"Endothelial1","Fibroblast",0.00272688092684248,0.00115756219092164,0.00156931873592085,0.0197250894286437,"ADGRL"
"Cardiomyocyte","Macrophage",0.00228161583480137,0.00155966960349535,0.000721946231306021,0.0165042323411529,"ADGRL"
"Endocardial","Fibroblast",0.00200192233960772,0.000341344839348447,0.00166057750025927,0.0144810493150818,"ADGRL"
"Fibroblast","Endocardial",0.00143502817888703,0.000214236013742358,0.00122079216514467,0.0103803796060676,"ADGRL"
"Endocardial","Cardiomyocyte",0.00143160317425802,0.000207690198672383,0.00122391297558564,0.0103556045885977,"ADGRL"
"Pericyte","Fibroblast",0.00114143565019386,4.10594592978589e-06,0.00113732970426408,0.00825665692091166,"ADGRL"
"Cardiomyocyte","VSMC",0.00103754013327474,0.000524647617638572,0.000512892515636173,0.00750512122227088,"ADGRL"
"Fibroblast","Macrophage",0.000977255495891572,0.000248235391638917,0.000729020104252655,0.00706904795927976,"ADGRL"
"Endothelial1","Pericyte",0.000932523081691929,0.00050518048655662,0.000427342595135309,0.00674547282192722,"ADGRL"
"Cardiomyocyte","Lymphocyte",0.00087274015038761,0.000249023787929382,0.000623716362458228,0.00631302868596358,"ADGRL"
"Macrophage","Fibroblast",0.00085741043197501,9.1986110672409e-05,0.000765424321302601,0.00620214006459843,"ADGRL"
"Endocardial","Endothelial1",0.000808970245657627,9.35225350200326e-05,0.000715447710637595,0.00585174449079649,"ADGRL"
"Endocardial","Pericyte",0.000674919241306989,0.000157202890607181,0.000517716350699808,0.00488207690363214,"ADGRL"
"Fibroblast","Lymphocyte",0.000455007330194854,3.92149073486725e-05,0.000415792422846182,0.00329132826829161,"ADGRL"
"Pericyte","Pericyte",0.000435572661769031,0.000258715923714617,0.000176856738054413,0.00315074619558655,"ADGRL"
"Lymphocyte","Fibroblast",0.000429235771754375,0.000152949068187129,0.000276286703567247,0.00310490784562116,"ADGRL"
"Fibroblast","VSMC",0.000417317587455266,9.1381661077084e-05,0.000325935926378182,0.00301869680178244,"ADGRL"
"Macrophage","Pericyte",0.000386440765277578,0.000207913871412415,0.000178526893865163,0.00279534708646046,"ADGRL"
"Macrophage","Cardiomyocyte",0.000277083582876631,0.000107942412131049,0.000169141170745583,0.00200430403749942,"ADGRL"
"VSMC","Fibroblast",0.000219501169678638,8.00451409253514e-05,0.000139456028753287,0.00158777750762167,"ADGRL"
"Endocardial","Endocardial",0.000197340627444276,1.51944179744722e-05,0.000182146209469803,0.00142747763055069,"ADGRL"
"Lymphocyte","Pericyte",0.000169811054866013,6.93047539828591e-05,0.000100506300883154,0.0012283404860963,"ADGRL"
"Macrophage","Endothelial1",0.000152772583596952,4.7189499968508e-05,0.000105583083628444,0.00110509147797083,"ADGRL"
"Endocardial","Macrophage",0.000135476047252144,2.17887005099062e-05,0.000113687346742238,0.000979975737547877,"ADGRL"
"Lymphocyte","Cardiomyocyte",0.000113791184590794,6.61016750851261e-05,4.76895095056684e-05,0.000823116722901327,"ADGRL"
"Endothelial1","Endocardial",7.81642032264348e-05,2.2659070163785e-05,5.55051330626497e-05,0.000565406389249781,"ADGRL"
"Endocardial","Lymphocyte",6.41213163678814e-05,3.44267115608884e-06,6.06786452117926e-05,0.000463826156539718,"ADGRL"
"VSMC","Cardiomyocyte",6.38112134833265e-05,8.94451239509799e-06,5.48667010882285e-05,0.000461583005007242,"ADGRL"
"Lymphocyte","Endothelial1",6.36697905291435e-05,2.89513971526547e-05,3.47183933764887e-05,0.000460560011890431,"ADGRL"
"Endocardial","VSMC",5.82337656901938e-05,5.33993162408513e-06,5.28938340661086e-05,0.000421238135005704,"ADGRL"
"Macrophage","Endocardial",5.68116014349123e-05,1.31073156923148e-05,4.37042857425975e-05,0.00041095080751681,"ADGRL"
"VSMC","Endothelial1",3.45716763932775e-05,4.37786163511474e-06,3.01938147581628e-05,0.000250076709196521,"ADGRL"
"Cardiomyocyte","Endothelial2",3.43508759244385e-05,6.67764325882073e-05,-3.24255566637688e-05,0.000248479533114917,"ADGRL"
"Pericyte","Endocardial",3.33642560182255e-05,1.18287811933854e-05,2.15354748248401e-05,0.000241342747019652,"ADGRL"
"VSMC","Pericyte",2.94659725229868e-05,3.55990748672739e-05,-6.13310234428706e-06,0.000213144232810663,"ADGRL"
"Lymphocyte","Endocardial",2.37333493239215e-05,5.50937079237433e-06,1.82239785315471e-05,0.000171676890342866,"ADGRL"
"Fibroblast","Endothelial2",2.0456504929619e-05,2.72847922311819e-05,-6.82828730156286e-06,0.000147973600593354,"ADGRL"
"Endothelial1","Endothelial1",1.29040209352047e-05,5.67000066205088e-06,7.23402027315381e-06,9.33421640932199e-05,"ADGRL"
"Lymphocyte","Macrophage",1.05064566407609e-05,6.3903457251076e-06,4.11611091565332e-06,7.59992102248282e-05,"ADGRL"
"VSMC","Endocardial",9.16688334292283e-06,2.04701513952918e-06,7.11986820339365e-06,6.63093103703907e-05,"ADGRL"
"Endothelial2","Fibroblast",8.41170439576466e-06,0,8.41170439576466e-06,6.08466691084665e-05,"ADGRL"
"Endothelial2","Cardiomyocyte",7.04016724589928e-06,0,7.04016724589928e-06,5.092555643006e-05,"ADGRL"
"VSMC","Macrophage",5.60163571769898e-06,1.3072554137003e-06,4.29438030399869e-06,4.05198350946108e-05,"ADGRL"
"Lymphocyte","Lymphocyte",4.75288688697398e-06,1.1262865693004e-06,3.62660031767358e-06,3.43803493460002e-05,"ADGRL"
"Lymphocyte","VSMC",4.40385268433998e-06,1.69358241579267e-06,2.71027026854731e-06,3.1855585322445e-05,"ADGRL"
"Macrophage","Macrophage",4.1988453534784e-06,1.03836170853281e-05,-6.18477173184973e-06,3.03726500409787e-05,"ADGRL"
"Endocardial","Endothelial2",2.82054021234487e-06,2.52523456151067e-06,2.95305650834201e-07,2.04025806106648e-05,"ADGRL"
"VSMC","Lymphocyte",2.66386862462706e-06,1.01623044950986e-07,2.56224557967608e-06,1.92692854057878e-05,"ADGRL"
"VSMC","VSMC",2.46847124680309e-06,2.28962160433356e-07,2.23950908636974e-06,1.78558644112146e-05,"ADGRL"
"Endothelial2","Pericyte",2.04999240267484e-06,0,2.04999240267484e-06,1.48287675757164e-05,"ADGRL"
"Macrophage","Lymphocyte",1.72748967735939e-06,1.80924574088724e-06,-8.17560635278535e-08,1.24959209027249e-05,"ADGRL"
"Endothelial2","Endocardial",4.16535913685631e-07,1.31946903696538e-07,2.84589009989093e-07,3.01304250831539e-06,"ADGRL"
"Macrophage","VSMC",3.51564937714848e-07,2.75912690872822e-06,-2.40756197101338e-06,2.54307027789098e-06,"ADGRL"
"Endothelial2","Endothelial1",2.26775524632325e-07,0,2.26775524632325e-07,1.6403970776897e-06,"ADGRL"
"Lymphocyte","Endothelial2",2.17789478372208e-07,6.7998962743918e-07,-4.62200149066971e-07,1.57539586537202e-06,"ADGRL"
"VSMC","Endothelial2",1.22080566092161e-07,1.59247432204945e-07,-3.71668661127843e-08,8.8307856055e-07,"ADGRL"
"Endothelial2","Macrophage",5.80248023365823e-08,1.0336667135686e-07,-4.53418690202781e-08,4.19726583548975e-07,"ADGRL"
"Endothelial1","Cardiomyocyte",0,0.000116113434105596,-0.000116113434105596,0,"ADGRL"
"Pericyte","Cardiomyocyte",0,0,0,0,"ADGRL"
"Pericyte","Endothelial1",0,3.48960853609648e-06,-3.48960853609648e-06,0,"ADGRL"
"Endothelial1","Endothelial2",0,6.91789720631855e-07,-6.91789720631855e-07,0,"ADGRL"
"Endothelial2","Endothelial2",0,1.88302493133977e-08,-1.88302493133977e-08,0,"ADGRL"
"Pericyte","Endothelial2",0,2.59078733236139e-07,-2.59078733236139e-07,0,"ADGRL"
"Macrophage","Endothelial2",0,9.41163488996242e-07,-9.41163488996242e-07,0,"ADGRL"
"Endothelial1","VSMC",0,0,0,0,"ADGRL"
"Endothelial2","VSMC",0,0,0,0,"ADGRL"
"Pericyte","VSMC",0,0,0,0,"ADGRL"
"Endothelial1","Macrophage",0,3.79730117872317e-06,-3.79730117872317e-06,0,"ADGRL"
"Pericyte","Macrophage",0,1.4221425454114e-06,-1.4221425454114e-06,0,"ADGRL"
"Endothelial1","Lymphocyte",0,0,0,0,"ADGRL"
"Endothelial2","Lymphocyte",0,0,0,0,"ADGRL"
"Pericyte","Lymphocyte",0,0,0,0,"ADGRL"
"Cardiomyocyte","Fibroblast",0.00452379383129138,0.0031230069408526,0.00140078689043878,0.31733521707239,"Netrin"
"Endocardial","Fibroblast",0.0018400261368257,0.000306409427150873,0.00153361670967483,0.12907420526319,"Netrin"
"Cardiomyocyte","Pericyte",0.00165470494981223,0.00112686230902011,0.000527842640792126,0.116074289417722,"Netrin"
"Cardiomyocyte","Endothelial1",0.00130995277094779,0.000795731822530113,0.00051422094841768,0.0918906038661427,"Netrin"
"Cardiomyocyte","Cardiomyocyte",0.000791514236695016,0.000383706120462156,0.00040780811623286,0.055523162965585,"Netrin"
"Endocardial","Pericyte",0.000689077758017359,0.000116225269022168,0.000572852488995191,0.0483374459745819,"Netrin"
"Endocardial","Endothelial1",0.000556778311841603,7.28344237896611e-05,0.000483943888051942,0.0390569006985485,"Netrin"
"Cardiomyocyte","VSMC",0.0004648031280376,0.000175039524100695,0.000289763603936905,0.0326050229149439,"Netrin"
"Fibroblast","Endothelial1",0.000460917178476112,0.000238226665759985,0.000222690512716127,0.0323324312156721,"Netrin"
"Pericyte","Endothelial1",0.000292186849323823,0.000106760295888365,0.000185426553435459,0.0204963313346675,"Netrin"
"Fibroblast","Cardiomyocyte",0.000268433258247944,1.4867521037145e-05,0.000253565737210799,0.0188300637589497,"Netrin"
"Endocardial","Cardiomyocyte",0.000216002863274968,1.52780735811757e-05,0.000200724789693792,0.0151521749358884,"Netrin"
"Endothelial1","Endothelial1",0.000201468034147775,9.52403110270658e-05,0.000106227723120709,0.0141325853329574,"Netrin"
"Pericyte","Cardiomyocyte",0.000152431509151892,6.75036574954903e-06,0.000145681143402343,0.0106927697966242,"Netrin"
"Endocardial","VSMC",0.00013874842638661,1.28788937986417e-05,0.000125869532587969,0.00973292852147475,"Netrin"
"Fibroblast","VSMC",0.000117917398881099,3.46987680951277e-05,8.32186307859714e-05,0.00827167301739373,"Netrin"
"VSMC","Endothelial1",7.87066526445804e-05,1.66472056026779e-05,6.20594470419026e-05,0.0055211164861771,"Netrin"
"Pericyte","VSMC",6.62076216959622e-05,2.36462542353991e-05,4.25613674605631e-05,0.0046443341112071,"Netrin"
"Fibroblast","Fibroblast",6.5943388254089e-05,0,6.5943388254089e-05,0.00462579865628548,"Netrin"
"Endothelial1","VSMC",5.20855617461911e-05,1.39253562004574e-05,3.81602055457336e-05,0.00365369945215796,"Netrin"
"Endocardial","Macrophage",4.91191128792603e-05,9.7206589638587e-06,3.93984539154016e-05,0.00344560891350207,"Netrin"
"Endocardial","Endocardial",4.72439867196624e-05,4.70360876540402e-06,4.25403779542583e-05,0.003314072510853,"Netrin"
"VSMC","Cardiomyocyte",4.51652914558504e-05,7.13441745687649e-06,3.80308739989739e-05,0.0031682561369488,"Netrin"
"Pericyte","Fibroblast",3.73497172874038e-05,0.000384241132929145,-0.000346891415641741,0.00262000902008553,"Netrin"
"Endothelial1","Fibroblast",2.8714555675208e-05,0,2.8714555675208e-05,0.00201426946013765,"Netrin"
"Endocardial","Lymphocyte",2.47282738163984e-05,3.01781710913646e-06,2.17104567072619e-05,0.00173463964804784,"Netrin"
"VSMC","Fibroblast",2.3882037648123e-05,2.56500407469409e-05,-1.76800309881791e-06,0.00167527784948472,"Netrin"
"VSMC","VSMC",1.95016532385115e-05,2.85220344185836e-06,1.66494497966531e-05,0.0013680025205629,"Netrin"
"Endothelial1","Cardiomyocyte",1.30375213222061e-05,6.13008794670237e-06,6.90743337550372e-06,0.000914556412860914,"Netrin"
"Macrophage","VSMC",7.41953879260034e-06,1.90839671591998e-06,5.51114207668036e-06,0.000520466016165623,"Netrin"
"Macrophage","Fibroblast",4.06545333791667e-06,0,4.06545333791667e-06,0.000285183535235773,"Netrin"
"Lymphocyte","VSMC",3.28391078343378e-06,7.73431678843471e-07,2.51047910459031e-06,0.000230359866114818,"Netrin"
"Lymphocyte","Fibroblast",1.79754559565634e-06,0,1.79754559565634e-06,0.000126094279064943,"Netrin"
"Macrophage","Cardiomyocyte",1.68749270000234e-06,8.23922566644807e-07,8.6357013335753e-07,0.000118374285441396,"Netrin"
"Cardiomyocyte","Endocardial",1.54315950639663e-06,4.48744888922362e-05,-4.33313293858396e-05,0.000108249596511763,"Netrin"
"Endocardial","Endothelial2",1.11354068749729e-06,1.91001466456971e-07,9.2253922104032e-07,7.81126835050787e-05,"Netrin"
"Fibroblast","Endocardial",9.12126709176975e-07,0,9.12126709176975e-07,6.39838900818281e-05,"Netrin"
"Endothelial2","Endothelial1",8.8471852092447e-07,1.96785282774783e-06,-1.08313430682336e-06,6.20612597204469e-05,"Netrin"
"Lymphocyte","Cardiomyocyte",8.1886272176523e-07,3.25269043498408e-07,4.93593678266822e-07,5.74416052664535e-05,"Netrin"
"Pericyte","Endocardial",5.16783738792156e-07,0,5.16783738792156e-07,3.62513602619851e-05,"Netrin"
"Endothelial1","Endocardial",3.96974882167415e-07,0,3.96974882167415e-07,2.78470052135249e-05,"Netrin"
"Endothelial2","VSMC",2.28134141844051e-07,2.88540478892869e-07,-6.04063370488182e-08,1.60031602065824e-05,"Netrin"
"VSMC","Endocardial",1.57884165698941e-07,0,1.57884165698941e-07,1.10752629016394e-05,"Netrin"
"Endothelial2","Fibroblast",1.26213921113794e-07,0,1.26213921113794e-07,8.85365769261193e-06,"Netrin"
"Endothelial2","Cardiomyocyte",9.10687319162694e-08,1.37406600425334e-07,-4.63378685090651e-08,6.38829197105715e-06,"Netrin"
"Macrophage","Endocardial",5.61921485547323e-08,0,5.61921485547323e-08,3.94176841924947e-06,"Netrin"
"Lymphocyte","Endocardial",2.48445348108715e-08,0,2.48445348108715e-08,1.74279512756217e-06,"Netrin"
"Endothelial2","Endocardial",1.74511042028731e-09,0,1.74511042028731e-09,1.22416054906525e-07,"Netrin"
"Macrophage","Endothelial1",0,0,0,0,"Netrin"
"Lymphocyte","Endothelial1",0,5.28127279544759e-06,-5.28127279544759e-06,0,"Netrin"
"Cardiomyocyte","Endothelial2",0,1.81571819888179e-06,-1.81571819888179e-06,0,"Netrin"
"Fibroblast","Endothelial2",0,0,0,0,"Netrin"
"Endothelial1","Endothelial2",0,0,0,0,"Netrin"
"Endothelial2","Endothelial2",0,0,0,0,"Netrin"
"Pericyte","Endothelial2",0,0,0,0,"Netrin"
"VSMC","Endothelial2",0,0,0,0,"Netrin"
"Macrophage","Endothelial2",0,0,0,0,"Netrin"
"Lymphocyte","Endothelial2",0,0,0,0,"Netrin"
"Fibroblast","Pericyte",0,0,0,0,"Netrin"
"Endothelial1","Pericyte",0,0,0,0,"Netrin"
"Endothelial2","Pericyte",0,0,0,0,"Netrin"
"Pericyte","Pericyte",0,0.000149903292814725,-0.000149903292814725,0,"Netrin"
"VSMC","Pericyte",0,8.3176802867282e-06,-8.3176802867282e-06,0,"Netrin"
"Macrophage","Pericyte",0,0,0,0,"Netrin"
"Lymphocyte","Pericyte",0,0,0,0,"Netrin"
"Cardiomyocyte","Macrophage",0,0,0,0,"Netrin"
"Fibroblast","Macrophage",0,0,0,0,"Netrin"
"Endothelial1","Macrophage",0,0,0,0,"Netrin"
"Endothelial2","Macrophage",0,0,0,0,"Netrin"
"Pericyte","Macrophage",0,0,0,0,"Netrin"
"VSMC","Macrophage",0,0,0,0,"Netrin"
"Macrophage","Macrophage",0,0,0,0,"Netrin"
"Lymphocyte","Macrophage",0,0,0,0,"Netrin"
"Cardiomyocyte","Lymphocyte",0,2.87956628490156e-05,-2.87956628490156e-05,0,"Netrin"
"Fibroblast","Lymphocyte",0,0,0,0,"Netrin"
"Endothelial1","Lymphocyte",0,0,0,0,"Netrin"
"Endothelial2","Lymphocyte",0,0,0,0,"Netrin"
"Pericyte","Lymphocyte",0,0,0,0,"Netrin"
"VSMC","Lymphocyte",0,0,0,0,"Netrin"
"Macrophage","Lymphocyte",0,0,0,0,"Netrin"
"Lymphocyte","Lymphocyte",0,0,0,0,"Netrin"
"Fibroblast","Fibroblast",0.0123132996239427,0.0055710428058124,0.00674225681813025,0.578897935384979,"SLIT"
"Fibroblast","Pericyte",0.00275201558823014,0.00135218279310677,0.00139983279512337,0.129383365209105,"SLIT"
"Fibroblast","Endocardial",0.00129187866857141,0.000246863171176279,0.00104501549739513,0.060736432706445,"SLIT"
"Endothelial1","Fibroblast",0.0012340100705743,0.00047693327659835,0.000757076793975952,0.0580157962460918,"SLIT"
"Fibroblast","Endothelial1",0.00119950040189907,0.000629955138212335,0.000569545263686736,0.0563933573745431,"SLIT"
"Pericyte","Fibroblast",0.000574897684045101,0.000288489447504868,0.000286408236540233,0.0270282615152308,"SLIT"
"Macrophage","Fibroblast",0.000364466235255668,0.000199092183619238,0.000165374051636429,0.0171350294032303,"SLIT"
"Fibroblast","Macrophage",0.000335497440107315,0.00021163191157208,0.000123865528535235,0.0157730893697592,"SLIT"
"Fibroblast","VSMC",0.000324337385396328,8.53813486354329e-05,0.000238956036760895,0.0152484101344378,"SLIT"
"Fibroblast","Cardiomyocyte",0.000300934569824376,0.000149006926386947,0.00015192764343743,0.0141481492758086,"SLIT"
"Lymphocyte","Fibroblast",0.000164190044081638,5.27677699430628e-05,0.000111422274138576,0.00771923695780214,"SLIT"
"Fibroblast","Lymphocyte",0.000143579754049666,3.9183557162905e-05,0.000104396196886761,0.00675026400078947,"SLIT"
"VSMC","Fibroblast",0.000116016294243861,3.23974051686844e-05,8.36188890751763e-05,0.00545439445639693,"SLIT"
"Cardiomyocyte","Fibroblast",0.000104277334965972,0,0.000104277334965972,0.00490249857981774,"SLIT"
"Endocardial","Fibroblast",2.47236451374929e-05,6.90356631826552e-05,-4.43120180451623e-05,0.00116235838990351,"SLIT"
"Fibroblast","Endothelial2",1.68988125035315e-05,2.9290055873996e-06,1.39698069161319e-05,0.000794481411767992,"SLIT"
"Endothelial2","Fibroblast",9.71921587999562e-06,0,9.71921587999562e-06,0.000456939583891065,"SLIT"
"Cardiomyocyte","Cardiomyocyte",0,0,0,0,"SLIT"
"Endothelial1","Cardiomyocyte",0,1.21431389270408e-05,-1.21431389270408e-05,0,"SLIT"
"Endothelial2","Cardiomyocyte",0,4.84560391777401e-07,-4.84560391777401e-07,0,"SLIT"
"Pericyte","Cardiomyocyte",0,7.34480783725022e-06,-7.34480783725022e-06,0,"SLIT"
"VSMC","Cardiomyocyte",0,8.28282750092052e-07,-8.28282750092052e-07,0,"SLIT"
"Macrophage","Cardiomyocyte",0,5.07680625300435e-06,-5.07680625300435e-06,0,"SLIT"
"Lymphocyte","Cardiomyocyte",0,1.34996850198552e-06,-1.34996850198552e-06,0,"SLIT"
"Endocardial","Cardiomyocyte",0,1.76126345706768e-06,-1.76126345706768e-06,0,"SLIT"
"Cardiomyocyte","Endothelial1",0,0,0,0,"SLIT"
"Endothelial1","Endothelial1",0,0,0,0,"SLIT"
"Endothelial2","Endothelial1",0,0,0,0,"SLIT"
"Pericyte","Endothelial1",0,0,0,0,"SLIT"
"VSMC","Endothelial1",0,0,0,0,"SLIT"
"Macrophage","Endothelial1",0,0,0,0,"SLIT"
"Lymphocyte","Endothelial1",0,0,0,0,"SLIT"
"Endocardial","Endothelial1",0,0,0,0,"SLIT"
"Cardiomyocyte","Endothelial2",0,0,0,0,"SLIT"
"Endothelial1","Endothelial2",0,0,0,0,"SLIT"
"Endothelial2","Endothelial2",0,0,0,0,"SLIT"
"Pericyte","Endothelial2",0,0,0,0,"SLIT"
"VSMC","Endothelial2",0,0,0,0,"SLIT"
"Macrophage","Endothelial2",0,0,0,0,"SLIT"
"Lymphocyte","Endothelial2",0,0,0,0,"SLIT"
"Endocardial","Endothelial2",0,0,0,0,"SLIT"
"Cardiomyocyte","Pericyte",0,0,0,0,"SLIT"
"Endothelial1","Pericyte",0,0,0,0,"SLIT"
"Endothelial2","Pericyte",0,0,0,0,"SLIT"
"Pericyte","Pericyte",0,0,0,0,"SLIT"
"VSMC","Pericyte",0,0,0,0,"SLIT"
"Macrophage","Pericyte",0,0,0,0,"SLIT"
"Lymphocyte","Pericyte",0,0,0,0,"SLIT"
"Endocardial","Pericyte",0,0,0,0,"SLIT"
"Cardiomyocyte","VSMC",0,0,0,0,"SLIT"
"Endothelial1","VSMC",0,0,0,0,"SLIT"
"Endothelial2","VSMC",0,0,0,0,"SLIT"
"Pericyte","VSMC",0,0,0,0,"SLIT"
"VSMC","VSMC",0,0,0,0,"SLIT"
"Macrophage","VSMC",0,0,0,0,"SLIT"
"Lymphocyte","VSMC",0,0,0,0,"SLIT"
"Endocardial","VSMC",0,0,0,0,"SLIT"
"Cardiomyocyte","Macrophage",0,0,0,0,"SLIT"
"Endothelial1","Macrophage",0,0,0,0,"SLIT"
"Endothelial2","Macrophage",0,0,0,0,"SLIT"
"Pericyte","Macrophage",0,0,0,0,"SLIT"
"VSMC","Macrophage",0,0,0,0,"SLIT"
"Macrophage","Macrophage",0,0,0,0,"SLIT"
"Lymphocyte","Macrophage",0,0,0,0,"SLIT"
"Endocardial","Macrophage",0,0,0,0,"SLIT"
"Cardiomyocyte","Lymphocyte",0,0,0,0,"SLIT"
"Endothelial1","Lymphocyte",0,0,0,0,"SLIT"
"Endothelial2","Lymphocyte",0,0,0,0,"SLIT"
"Pericyte","Lymphocyte",0,0,0,0,"SLIT"
"VSMC","Lymphocyte",0,0,0,0,"SLIT"
"Macrophage","Lymphocyte",0,0,0,0,"SLIT"
"Lymphocyte","Lymphocyte",0,0,0,0,"SLIT"
"Endocardial","Lymphocyte",0,0,0,0,"SLIT"
"Cardiomyocyte","Endocardial",0,0,0,0,"SLIT"
"Endothelial1","Endocardial",0,0,0,0,"SLIT"
"Endothelial2","Endocardial",0,0,0,0,"SLIT"
"Pericyte","Endocardial",0,0,0,0,"SLIT"
"VSMC","Endocardial",0,0,0,0,"SLIT"
"Macrophage","Endocardial",0,0,0,0,"SLIT"
"Lymphocyte","Endocardial",0,0,0,0,"SLIT"
"Endocardial","Endocardial",0,0,0,0,"SLIT"
